{
  "youtube": "https://www.youtube.com/channel/UCuXdq4qzrDWIMPq1ohYAvng/videos",
  "facebook": "https://www.facebook.com/www.tecnologiaemgeral.com.br/?ref=pages_you_manage",
  "phone": "(11)941520090",
  "doc_number": " CNPJ nº 38.800.053/0001-60",
  "whatsapp": "(11)941520090",
  "instagram": "https://www.instagram.com/tecnologiaemgeral.com.br/",
  "twitter": "",
  "address": "Endereço RUA CRISTO OPERARIO, CONJ 2, VILA BRASILEIRA, MOGI DAS CRUZES, SP, 08738330",
  "tiktok": "",
  "pinterest": "",
  "email": "contato@tecnologiaemgeral.com.br"
}