{
  "description": {
    "title": "TECNOLOGIA EM GERAL ",
    "text": "Loja De Eletrônicos Inteligentes, Loja Online TECNOLOGIA EM GERAL. Atuamos em todo BRASIL seleção de Acessórios de Informática, Fontes e Eletrônicos. Nosso objetivo é continuar trazendo o melhor da tecnologia em geral para melhorar sua experiência de compra, expandir ainda mais nossos produtos e mercado de atuação, melhorar constantemente o nosso atendimento único ao cliente. Mas, principalmente, construir tudo isso com você!"
  },
  "links_1": {
    "list_pages": true,
    "title": "Páginas",
    "list": []
  },
  "links_2": {
    "list_categories": true,
    "title": "Categorias",
    "list": []
  },
  "contacts": {
    "title": "Contatos",
    "phone_wpp": true,
    "socials": true,
    "email": true,
    "address": true
  },
  "stamps": [
    {
      "src": "/img/uploads/ssl-safe.png",
      "alt": "Secure connection"
    }
  ],
  "payment_methods": {
    "bb": true,
    "visa": true,
    "boleto": true,
    "aura": true,
    "banrisul": false,
    "elo": true,
    "hipercard": true,
    "hsbc": false,
    "bradesco": true,
    "santander": false,
    "mastercard": true,
    "paypal": true,
    "citibank": false,
    "hiper": true,
    "diners": true,
    "mais": true,
    "amex": true,
    "itau": true
  },
  "credits": ""
}