{
  "marketing_stripe": {
    "text": "Aproveite nossos descontos de até 40%!",
    "link": "/promotion",
    "background": "#092fff",
    "color": "#ffffff"
  },
  "contacts_stripe": {
    "pages": [
      {
        "title": "Sobre nós",
        "link": "/pages/sobre-nos"
      },
      {
        "title": "Esta loja é TECNOLOGIA EM GERAL",
        "link": "https://tecnologiaemgeral.netlify.app/pages/sobre-nos"
      }
    ],
    "phone_wpp": true,
    "socials": true
  },
  "categories_list": {
    "featured": [],
    "random": 6,
    "full_width": false
  },
  "desktop_megamenu": false,
  "search_input": true
}