{
  "meta_title": "TECNOLOGIA EM GERAL - Todos os Direitos Reservados. Escritório administrativo em -",
  "meta_description": "Atuamos em todo BRASIL seleção de Acessórios de Informática, Fontes e Eletrônicos. Nosso objetivo é continuar trazendo o melhor da tecnologia em geral para melhorar sua experiência de compra, expandir ainda mais nossos produtos e mercado de atuação, melhorar constantemente o nosso atendimento único ao cliente. Mas, principalmente, construir tudo isso com você!",
  "sections": [
    {
      "type": "banner-slider",
      "autoplay": 9000,
      "full_width": true,
      "slides": [
        {
          "img": "/img/uploads/banner.png",
          "link": "https://tecnologiaemgeral.com.br/eletronicos",
          "alt": "eletronicos banner",
          "start": "",
          "end": "",
          "mobile_img": "/img/uploads/banner.png"
        },
        {
          "img": "/img/uploads/banner.png",
          "alt": "Banner sample two",
          "start": "",
          "end": "",
          "mobile_img": "/img/uploads/banner.png"
        }
      ]
    },
    {
      "type": "info-bar",
      "enabled": true
    },
    {
      "type": "collection-shelf",
      "shuffle": true,
      "collection_id": null,
      "sort": "sales",
      "title": "Promoção",
      "headless": true,
      "limit": 24,
      "page": 3
    },
    {
      "type": "page-title",
      "title": "TECNOLOGIA EM GERAL",
      "description": "Loja de Eletrônicos, Celular e muitos outros Produtos.  Economize. Encontre o menor Preço no melhor"
    },
    {
      "type": "dynamic-showcase",
      "load_more": true,
      "sort": "views"
    },
    {
      "type": "dynamic-showcase",
      "load_more": true,
      "sort": "news"
    },
    {
      "type": "collection-shelf",
      "shuffle": true,
      "limit": 16,
      "page": 1,
      "sort": "news",
      "headless": false
    },
    {
      "type": "collection-shelf",
      "shuffle": true,
      "limit": 18,
      "page": 1,
      "sort": "offers",
      "headless": true
    }
  ]
}